name,uniscoreavg
AGH University of Science and Technology,17.925
Aalborg University,44.83125
Aalto University,45.95625
Aarhus University,56.5923076923077
Abdelmalek Essaâdi University,21.35
Abdul Wali Khan University Mardan,36.53333333333333
Aberystwyth University,36.35625
Abu Dhabi University,47.85
Acharya Nagarjuna University,20.8
Acıbadem University,17.9625
"Adam Mickiewicz University, Poznań",18.625
Addis Ababa University,39.525000000000006
Adolfo Ibáñez University,18.483333333333334
Ahvaz Jundishapur University of Medical Sciences (AJUMS),35.775000000000006
Aichi Medical University,22.28
Ain Shams University,20.128571428571426
Aix-Marseille University,39.86875
Ajou University,24.25
Akdeniz University,17.45
Akita University,15.258333333333333
Aksaray University,16.150000000000002
Al-Azhar University,21.0
Al-Balqa Applied University,29.9625
Al-Farabi Kazakh National University,20.0
Alagappa University,41.475
Alexandria University,21.844444444444445
Alexandru Ioan Cuza University,13.8875
Alfaisal University,42.67142857142857
Aligarh Muslim University,23.21875
Altai State University,21.35
Alzahra University,15.258333333333333
Amedeo Avogadro University of Eastern Piedmont,32.7875
American University,34.95
American University in Cairo,27.571428571428573
American University of Beirut,35.66875
American University of Sharjah,23.8125
Amirkabir University of Technology,29.43125
Amity University,16.807142857142857
Amrita Vishwa Vidyapeetham,21.5
An-Najah National University,41.55
Anadolu University,15.00625
Andhra University,14.7625
Anglia Ruskin University (ARU),45.457142857142856
Ankara University,15.992857142857144
Anna University,23.862499999999997
Annamalai University,16.283333333333335
Aoyama Gakuin University,15.84
"Arab Academy for Science, Technology and Maritime Transport",18.9
Arak University,18.483333333333334
Arak University of Medical Sciences,43.5
Ariel University,18.483333333333334
Aristotle University of Thessaloniki,28.66875
Arizona State University (Tempe),53.861538461538466
Arts et Métiers,28.299999999999997
"Asia University, Taiwan",25.275
Assiut University,19.78333333333333
Aston University,35.95625
Aswan University,42.0375
Atatürk University,21.25
Ateneo de Manila University,45.95
Athens University of Economics and Business,26.549999999999997
Atılım University,25.457142857142856
Auburn University,26.91875
Auckland University of Technology,39.0625
Austral University of Chile,16.98125
Australian Catholic University,41.00714285714286
Australian National University,70.01538461538462
Autonomous University of Baja California,15.258333333333333
Autonomous University of Barcelona,55.6375
Autonomous University of Madrid,39.14375
Autonomous University of San Luis Potosi,16.133333333333333
Autonomous University of Sinaloa,19.966666666666665
Azarbaijan Shahid Madani University,27.6
BINUS University,18.9
Babeş-Bolyai University,20.775
Babol Noshirvani University of Technology,43.84166666666667
Babol University of Medical Sciences,43.5
Badji Mokhtar University – Annaba,15.050000000000002
Bahauddin Zakariya University,16.807142857142857
Bahria University,36.6
Bahçeşehir University,22.91
Baku State University,15.4
Banaras Hindu University,32.050000000000004
Banasthali University,17.9625
Bandung Institute of Technology (ITB),19.214285714285715
Bangladesh Agricultural University (BAU),23.05
Bangladesh University of Engineering and Technology,18.483333333333334
Bangor University,36.65625
Bar-Ilan University,32.30625
Bashkir State University,16.2125
Bauman Moscow State Technical University,25.131249999999998
Bayero University,27.049999999999997
Baylor University,30.208333333333332
Başkent University,16.2125
Beihang University,36.074999999999996
Beijing Forestry University,21.2
Beijing Institute of Technology,28.025
Beijing Jiaotong University,24.258333333333336
Beijing Normal University,47.9
Beijing University of Chemical Technology,38.75
Beijing University of Technology,21.2
Beirut Arab University,36.6
Belarusian State University,13.8875
Belgorod State National Research University,17.46
Ben-Gurion University of the Negev,25.325
Benemérita Universidad Autónoma de Puebla,14.992857142857144
Benha University,29.73
Beni-Suef University,29.416666666666668
Bezmiâlem Vakif University,21.25
Bharathiar University,29.666666666666668
Bialystok University of Technology,14.350000000000001
Bielefeld University,46.03888888888889
Bilkent University,33.80555555555556
"Birkbeck, University of London",41.85454545454545
"Birla Institute of Technology and Science, Pilani",19.93125
Birmingham City University,30.580000000000002
Blaise Pascal University,16.4
Blida 1 University,16.150000000000002
Bolu Abant Izzet Baysal University,16.150000000000002
Bond University,38.021428571428565
Boston College,48.09615384615385
Boston University,66.25384615384615
Bournemouth University,32.7
Bowling Green State University,26.46666666666667
Bozok University,21.35
Boğaziçi University,32.955
Brandeis University,49.71363636363637
Brighton and Sussex Medical School,48.583333333333336
Brno University of Technology,16.98125
Brown University,68.21538461538461
Brunel University London,37.375
Bu-Ali Sina University,17.9625
Bucharest University of Economic Studies,30.580000000000002
Budapest University of Technology and Economics,16.98125
Burapha University,16.150000000000002
Bursa Uludağ University,15.4
CEU Universities,40.55
COMSATS University Islamabad,29.99285714285714
CY Cergy Paris University,33.400000000000006
Cairo University,23.26875
California Institute of Technology,94.63076923076923
"California Polytechnic State University, San Luis Obispo",20.475
"California State University, Long Beach",11.35
Cankaya University,42.0375
Canterbury Christ Church University,18.9
Capital Medical University,25.05
Cardiff Metropolitan University,26.15
Cardiff University,53.65
Carleton University,30.5875
Carlos III University of Madrid,23.525
Carnegie Mellon University,80.11538461538461
Case Western Reserve University,57.47692307692308
Catholic University of Brasília,14.350000000000001
Catholic University of Portugal,41.730000000000004
Catholic University of the North,17.45
Catholic University of the Sacred Heart,27.839999999999996
Ca’ Foscari University of Venice,28.6375
Ceará State University,15.84
Central China Normal University,32.8
Central European University,42.0
Central Queensland University,28.575
Central South University,35.32142857142857
Central University of Finance and Economics,21.2
Central University of Venezuela,18.5
Centrale Nantes,40.33
CentraleSupélec,40.04
Chalmers University of Technology,43.2625
Chang Gung University,23.525
Chang Gung University of Science and Technology,18.9
Changsha University of Science and Technology,40.65
Chaoyang University of Technology,15.258333333333333
Chapman University,31.55
Charité - Universitätsmedizin Berlin,61.971428571428575
Charles Darwin University,35.5375
Charles Sturt University,28.066666666666663
Charles University in Prague,34.26875
Chemnitz University of Technology,33.5
Chengdu University,28.3
Chiang Mai University,18.73125
Chiba Institute of Technology,14.992857142857144
Chiba University,22.925
China Agricultural University,26.535714285714285
"China Medical University, Taiwan",34.225
China Pharmaceutical University,23.419999999999998
"China University of Geosciences, Beijing",27.525000000000002
"China University of Geosciences, Wuhan",21.985714285714288
China University of Mining and Technology,22.78333333333333
China University of Petroleum (East China),24.75
"China University of Petroleum, Beijing",23.8
Chinese Culture University,14.350000000000001
Chinese University of Hong Kong,62.300000000000004
Chongqing University,23.04375
Chonnam National University,22.01875
Chosun University,21.35
Chubu University,15.84
Chulalongkorn University,23.925
Chung Yuan Christian University,18.01875
Chung-Ang University,31.19375
Chungbuk National University,18.483333333333334
Chungnam National University,15.8
Chuo University,15.87142857142857
City University of Hong Kong,50.40909090909091
"City, University of London",37.39375
Clark University,42.528571428571425
Clarkson University,28.299999999999997
Claude Bernard University Lyon 1,34.6125
Clemson University,24.90833333333333
Cochin University of Science and Technology,16.87142857142857
Colorado School of Mines,41.91818181818182
"Colorado State University, Fort Collins",36.65625
Columbia University,86.4076923076923
Comenius University in Bratislava,19.675
Comillas Pontifical University,15.4
Communication University of China,14.350000000000001
Complutense University of Madrid,32.525
Concordia University,28.6375
Constructor University,45.18
Copenhagen Business School,44.0625
Cornell University,83.4923076923077
Corvinus University of Budapest,17.45
Covenant University,33.88
Coventry University,26.325
Cracow University of Technology,16.150000000000002
Creighton University,31.385714285714283
Cukurova University,15.84
Curtin University,40.51875
Cyprus University of Technology,41.4
Czech Technical University in Prague,20.0625
Czech University of Life Sciences Prague (CZU),20.02857142857143
Dalhousie University,42.333333333333336
Dalian University of Technology,26.91875
Damghan University,18.9
Damietta University,40.65
Dartmouth College,58.323076923076925
De La Salle University,18.86
De Montfort University,26.91875
Deakin University,40.6875
Del Rosario University,17.45
Delft University of Technology,63.07692307692308
Delhi Technological University,28.887500000000003
Democritus University of Thrace,17.240000000000002
Dicle University,15.4
Diego Portales University,35.528571428571425
Diponegoro University,16.150000000000002
Dokkyo Medical University,16.150000000000002
Dokuz Eylül University,16.425
Don State Technical University,33.25
Donghua University,30.7
Doshisha University,14.992857142857144
Dow University of Health Sciences,36.6
Dr B.R. Ambedkar National Institute of Technology Jalandhar,25.9
Drexel University,38.66111111111111
Dublin City University,33.075
Dublin Institute of Technology,17.8875
Duke University,82.08461538461538
Dumlupinar University,15.4
Dunarea de Jos University of Galati,16.150000000000002
Durban University of Technology,41.583333333333336
Durham University,58.54615384615385
Duy Tan University,42.975
Duzce University,24.75
EAFIT University,15.4
ENSTA Bretagne,36.6
ESPCI ParisTech,48.349999999999994
ETH Zurich,87.20769230769231
East Carolina University,20.049999999999997
East China Normal University,34.08125
East China University of Science and Technology,25.21875
Eastern Mediterranean University,30.24285714285714
Edge Hill University,23.58
Edinburgh Napier University,31.457142857142856
Edith Cowan University,33.5875
Ege University,17.9625
Ehime University,15.96875
Eindhoven University of Technology,53.45384615384615
El Bosque University,21.35
Embry-Riddle Aeronautical University,23.5875
Emory University,61.33846153846154
Erasmus University Rotterdam,61.599999999999994
Erciyes University,15.774999999999999
Erzincan Binali Yıldırım University,15.4
Escuela Politécnica Nacional,15.4
Escuela Superior Politécnica del Litoral,18.9
Eskişehir Osmangazi University,16.150000000000002
Estonian University of Life Sciences,29.549999999999997
European University of Madrid,29.95
Ewha Womans University,28.66875
Eötvös Loránd University,26.91875
Far Eastern Federal University,16.425
Fayoum University,23.57
Federal Rural University of Pernambuco,15.4
"Federal University of Agriculture, Abeokuta",14.350000000000001
Federal University of Alagoas,17.025
Federal University of Espírito Santo,17.9625
Federal University of Goiás,15.992857142857144
Federal University of Itajubá,17.541666666666668
Federal University of Lavras,13.99375
Federal University of Mato Grosso do Sul,16.2125
Federal University of Minas Gerais,26.325
Federal University of Paraí­ba (UFPB),16.0
Federal University of Pará,15.84
Federal University of Pelotas,22.141666666666666
Federal University of Pernambuco,15.87142857142857
Federal University of Piauí,16.150000000000002
Federal University of Rio Grande do Norte (UFRN),16.87142857142857
Federal University of Rio de Janeiro,22.925
Federal University of Santa Maria,15.992857142857144
Federal University of São Carlos,16.8125
Federal University of Technology Akure,27.049999999999997
Federal University of Tocantins,16.45
Federal University of Toulouse Midi-Pyrénées,41.51428571428572
Federal University of Uberlândia,17.45
Federal University of Vales do Jequitinhonha e Mucuri,15.4
Federal University of Viçosa,13.99375
Federal University of the State of Rio de Janeiro (UNIRIO),14.350000000000001
Federation University Australia,33.050000000000004
Federico Santa María Technical University,22.275
Feng Chia University,15.09375
Ferdowsi University of Mashhad,21.285714285714285
Ferhat Abbas Sétif University 1,35.04
Financial University under the Government of the Russian Federation,36.6
Firat University,31.85
Flinders University,40.6875
Florida Agricultural and Mechanical University,29.666666666666668
Florida Atlantic University,27.116666666666664
Florida Institute of Technology,27.115
Florida International University,33.825
Florida State University,42.61875
Fluminense Federal University,14.992857142857144
Fordham University,29.7
Free University of Berlin,59.425000000000004
Free University of Bozen-Bolzano,42.792857142857144
Friedrich Schiller University Jena,52.13333333333333
Fu Jen Catholic University,19.86875
Fudan University,54.544444444444444
Fujian Agriculture and Forestry University,27.049999999999997
Fujian Normal University,21.35
Fujita Health University,35.35833333333333
Fukuoka University,15.4
Fuzhou University,28.325
"G.B. Pant University of Agriculture & Technology, Pantnagar",13.35
GITAM University,15.258333333333333
Gabriele d‘Annunzio University,34.93333333333334
Gazi University,15.992857142857144
Gaziantep University,16.2125
Gdańsk University of Technology,16.9
Gebze Technical University,20.058333333333334
"George Emil Palade University of Medicine, Pharmacy, Science, and Technology of Targu Mures",16.150000000000002
George Mason University,40.70625
George Washington University,47.11538461538461
Georgetown University,55.29230769230769
Georgia Health Sciences University,46.1
Georgia Institute of Technology,75.3
Georgia Southern University,23.05
Georgia State University,35.4625
German University in Cairo,18.9
Ghent University,58.20769230769231
Gheorghe Asachi Technical University of Iaşi,15.4
Gifu University,14.7625
Glasgow Caledonian University,26.91875
Goethe University Frankfurt,43.11818181818182
"Goldsmiths, University of London",42.31666666666667
Golestan University of Medical Sciences,45.95
Government College University Faisalabad,34.4
Government College University Lahore,16.425
Grand Valley State University,18.9
Graphic Era University,36.6
Graz University of Technology,32.8125
Grenoble Alpes University,44.22
Griffith University,43.237500000000004
Grigore T. Popa University of Medicine and Pharmacy,16.283333333333335
Guangdong University of Technology,31.3125
Guangxi University,18.758333333333333
Guangzhou Medical University,36.6
Guangzhou University,35.775000000000006
Gubkin Russian State University of Oil and Gas,16.2125
Gunma University,16.599999999999998
Guru Jambheshwar University of Science and Technology,26.46666666666667
Gwangju Institute of Science and Technology (GIST),35.15
Gyeongsang National University,18.483333333333334
HSE University,44.228571428571435
Hacettepe University,28.86875
Hakim Sabzevari University,20.38333333333333
Hallym University,16.87142857142857
Hamamatsu University School of Medicine,22.599999999999998
Hamburg University of Technology,36.43333333333334
Hanoi University of Science and Technology,18.4125
Hanyang University,37.44375
Harbin Engineering University,17.85
Harbin Institute of Technology,33.725
Harokopio University,42.849999999999994
Harvard University,93.73076923076923
Hasanuddin University,18.9
Hasselt University,41.81428571428571
Hazara University Mansehra,35.775000000000006
Hebrew University of Jerusalem,50.28636363636363
Heinrich Heine University Düsseldorf,49.6
Hellenic Open University,15.4
Helwan University,17.240000000000002
Heriot-Watt University,36.80625
Hiroshima University,25.81875
Hofstra University,38.63333333333333
Hokkaido University,33.81875
Hong Kong Baptist University,37.74444444444444
Hong Kong Polytechnic University,50.72222222222222
Hosei University,16.87142857142857
Howard University,39.89
Huaqiao University,19.78333333333333
Huazhong Agricultural University,31.139999999999997
Huazhong University of Science and Technology,39.875
Hue University,14.350000000000001
Humanitas University,52.75
Humboldt University of Berlin,61.92307692307692
Hunan University,31.5625
Hungarian University of Agriculture and Life Sciences,18.9
Hyogo College of Medicine,25.41
I-Shou University,13.8875
IMT Atlantique,44.35
IMT Nord Europe,27.049999999999997
IPB University,16.425
ISCTE-University Institute of Lisbon,30.085714285714285
ITMO University,36.07857142857143
Ibaraki University,15.258333333333333
Ibn Tofaïl University,21.4625
Icesi University,36.6
Ilam University of Medical Sciences,36.6
Ilia State University,21.75
Illinois Institute of Technology,45.1
Ilmenau University of Technology,26.860000000000003
Imam Abdulrahman Bin Faisal University,23.833333333333332
Imam Khomeini International University,31.75
Imam Mohammad Ibn Saud Islamic University,45.95
Immanuel Kant Baltic Federal University,18.483333333333334
Imperial College London,89.56923076923077
Incheon National University,18.9
Indian Institute of Science,41.55
Indian Institute of Science Education and Research Bhopal,24.566666666666666
Indian Institute of Science Education and Research Kolkata,27.5
"Indian Institute of Science Education and Research, Pune",30.26
Indian Institute of Technology (Indian School of Mines) Dhanbad,25.516666666666666
Indian Institute of Technology Bhubaneswar,28.169999999999998
Indian Institute of Technology Bombay,32.03
Indian Institute of Technology Delhi,28.729999999999997
Indian Institute of Technology Gandhinagar,34.2625
Indian Institute of Technology Guwahati,22.933333333333334
Indian Institute of Technology Hyderabad,31.566666666666666
Indian Institute of Technology Indore,41.38
Indian Institute of Technology Kanpur,26.97
Indian Institute of Technology Kharagpur,27.729999999999997
Indian Institute of Technology Madras,24.509999999999998
Indian Institute of Technology Mandi,25.9
Indian Institute of Technology Patna,26.0625
Indian Institute of Technology Roorkee,27.839999999999996
Indian Institute of Technology Ropar,43.974999999999994
Indiana University,50.38461538461539
Indraprastha Institute of Information Technology Delhi,34.93333333333334
Industrial University of Tyumen,14.350000000000001
Inha University,22.01875
Institut Agro,42.53333333333333
Institut Polytechnique de Paris,63.45
Institut Teknologi Sepuluh Nopember,17.240000000000002
Institute of Chemical Technology,34.2625
Instituto Politécnico Nacional (IPN),15.258333333333333
Instituto Politécnico de Bragança,27.049999999999997
Instituto Superior Técnico Lisboa,0.0
International Hellenic University,21.35
"International Institute of Information Technology, Hyderabad",37.8
"International Islamic University, Islamabad",32.25
Inönü University,14.350000000000001
Iowa State University,40.74230769230769
Iran University of Medical Sciences,33.660000000000004
Iran University of Science and Technology,28.9
Irkutsk National Research Technical University,21.35
Irkutsk State University,16.150000000000002
Isfahan University of Medical Sciences,27.349999999999998
Isfahan University of Technology,25.049999999999997
Islamic Azad University Karaj,13.4
"Islamic Azad University, Najafabad Branch (IAUN)",40.05
Islamic University of Indonesia,14.350000000000001
Istanbul Medeniyet University,30.7
Istanbul Medipol University,17.9625
Istanbul Technical University,29.422222222222224
Istanbul University,21.075
Istanbul University-Cerrahpaşa,28.299999999999997
Iuliu Haţieganu University of Medicine and Pharmacy Cluj-Napoca,27.8625
Ivan Franko National University of Lviv,16.425
Ivane Javakhishvili Tbilisi State University,14.992857142857144
Ivanovo State University of Chemistry and Technology,15.4
Iwate University,15.87142857142857
Izmir Institute of Technology,17.25
JSS Academy of Higher Education and Research,43.449999999999996
Jadavpur University,24.4
Jagiellonian University,28.08125
James Cook University,43.1875
James Madison University,17.65
Jamia Hamdard University,29.650000000000002
Jamia Millia Islamia,30.258333333333336
Jan Evangelista Purkyně University,16.150000000000002
Jaume I University,30.26
Jawaharlal Nehru Technological University Anantapur (JNTUA),16.95
Jawaharlal Nehru University,34.1375
Jazan University,43.5
Jean Moulin University – Lyon 3,15.4
Jeju National University,18.483333333333334
Jeonbuk National University,20.775
Jianghan University,21.25
Jiangnan University,27.049999999999997
Jiangsu Normal University,30.4
Jiangsu University,24.75714285714286
Jiangxi University of Finance and Economics,27.049999999999997
Jilin University,20.508333333333333
Jimma University,40.65
Jinan University,26.335714285714285
Johannes Gutenberg University of Mainz,41.1125
Johannes Kepler University of Linz,30.4625
Johns Hopkins University,86.8153846153846
Jordan University of Science and Technology,33.93125
Joseph Fourier University,35.875
Jouf University,36.6
Juntendo University,24.125
Justus Liebig University Giessen,37.11875
Jönköping University,36.6
K.N. Toosi University of Technology,22.01875
KIIT University,22.91
KL University,24.75
KTH Royal Institute of Technology,51.973076923076924
KU Leuven,68.83076923076922
Kafrelsheikh University,34.96
Kagawa University,20.058333333333334
Kagoshima University,16.283333333333335
Kalasalingam Academy of Research and Education,33.075
Kanagawa University,15.258333333333333
Kanazawa Medical University,18.483333333333334
Kanazawa University,20.775
Kangwon National University,17.9625
Kansai Medical University,30.458333333333332
Kansai University,14.992857142857144
Kansas State University,26.525
Kaohsiung Medical University,22.01875
Karabük University,24.725
Karadeniz Technical University,15.4
Karlsruhe Institute of Technology,52.361538461538466
Karlstad University,28.55
Karolinska Institute,73.06153846153846
Kasetsart University,15.87142857142857
Kashan University of Medical Sciences and Health Services,37.8
Kaunas University of Technology,15.992857142857144
Kazan Federal University,28.575
Kazan National Research Technical University,18.483333333333334
Kazan National Research Technological University,17.240000000000002
Kazan State Medical University,21.35
Keele University,32.28125
Keio University,26.325
Kemerovo State University,14.350000000000001
Kent State University,29.8125
Kerman University of Medical Sciences,31.46666666666667
Kermanshah University of Medical Sciences,40.65
Khalifa University,44.64166666666667
"Khalifa University of Science, Technology and Research",30.05
Kharazmi University,17.240000000000002
Kharkiv National University of Radio Electronics,26.46666666666667
Khon Kaen University,14.7625
Khulna University of Engineering and Technology (KUET),21.35
Kindai University,24.0
King Abdulaziz University,46.41875
King Fahd University of Petroleum and Minerals,33.8
King Faisal University,24.75
King George’s Medical University,29.0
King Khalid University,32.8
King Mongkut's University of Technology North Bangkok,16.425
King Mongkut’s Institute of Technology Ladkrabang,15.87142857142857
King Mongkut’s University of Technology Thonburi,22.11875
King Saud University,33.975
King Saud bin Abdulaziz University for Health Sciences,33.2
Kingston University,24.125
King’s College London,72.03846153846153
Kirikkale University,14.350000000000001
Kitasato University,17.45
Kobe University,26.325
Kocaeli University,15.4
Kochi University,19.485714285714288
Kochi University of Technology,18.483333333333334
Kogakuin University,15.258333333333333
Konkuk University,27.7625
Kookmin University,15.84
Kore University of Enna,36.6
Korea Advanced Institute of Science and Technology (KAIST),60.96923076923077
Korea University,45.9875
Koç University,36.19375
Kumamoto University,20.775
Kunming University of Science and Technology,17.049999999999997
Kurdistan University of Medical Sciences,45.916666666666664
Kurume University,30.1875
Kuwait University,25.114285714285717
Kwame Nkrumah University of Science and Technology,25.9
Kwansei Gakuin University,14.992857142857144
Kyoto Institute of Technology,16.283333333333335
Kyoto Prefectural University of Medicine,26.15
Kyoto Sangyo University,16.150000000000002
Kyoto University,65.46923076923078
Kyung Hee University,39.18125
Kyungpook National University,23.89375
Kyushu Institute of Technology (Kyutech),15.774999999999999
Kyushu University,35.2375
L.N. Gumilyov Eurasian National University,17.240000000000002
LMU Munich,73.6076923076923
La Trobe University,41.05
Ladoke Akintola University of Technology,14.350000000000001
Lagos State University,38.05
Lahore College for Women University (LCWU),21.35
Lahore University of Management Sciences,29.7375
Lakehead University,31.6
Lancaster University,55.4076923076923
Lappeenranta-Lahti University of Technology LUT,34.5875
Latvia University of Life Sciences and Technologies,16.2125
Lebanese American University,30.54
Lebanese University,23.149999999999995
Leeds Beckett University,26.535714285714285
Lehigh University,29.95625
Leibniz University Hannover,35.51875
Leiden University,63.49230769230769
Leuphana University of Lüneburg,45.95
Lille 1 University – Science and Technology,0.0
Lille 2 University – Health and Law,0.0
Lincoln University,36.614285714285714
Linköping University,38.41875
Lithuanian University of Health Sciences,33.400000000000006
Liverpool John Moores University,33.28125
Lobachevsky State University of Nizhni Novgorod,16.87142857142857
Lodz University of Technology,15.258333333333333
Lomonosov Moscow State University,53.18888888888889
London Metropolitan University,23.05
London School of Economics and Political Science,75.4076923076923
London South Bank University,20.92142857142857
Londrina State University,15.992857142857144
Lorestan University,23.149999999999995
Loughborough University,38.00625
Louisiana State University,31.16875
Louisiana Tech University,27.5
Lovely Professional University,28.3
Lucian Blaga University of Sibiu,15.4
"Lumière University, Lyon 2",24.2875
Lund University,59.138461538461534
Lusophone University of Humanities and Technologies,27.049999999999997
Lviv Polytechnic National University,24.985714285714288
MIREA - Russian Technological University,15.84
Maastricht University,56.73333333333333
Macau University of Science and Technology,49.9125
Mackenzie Presbyterian University,15.4
Macquarie University,44.987500000000004
Mae Fah Luang University,32.95
Maharaja Sayajirao University of Baroda,15.1
Maharishi Markandeshwar University (MMU),36.6
Mahasarakham University,15.84
Mahatma Gandhi University,37.233333333333334
Mahidol University,28.04375
Majmaah University,36.6
Makerere University,30.99375
Manchester Metropolitan University,26.91875
Manipal Academy of Higher Education,18.678571428571427
Manisa Celal Bayar University,14.350000000000001
Mansoura University,31.407142857142855
Mapúa University,14.350000000000001
Marche Polytechnic University,31.70625
Maria Curie-Skłodowska University (UMCS),15.4
Marmara University,16.87142857142857
Marquette University,28.325
Masaryk University,26.49375
Mashhad University of Medical Sciences,35.260000000000005
Massachusetts Institute of Technology,93.44615384615385
Massey University,31.19375
Matej Bel University,15.4
Maynooth University,36.2
Mazandaran University of Medical Sciences,45.5
McGill University,73.0
McMaster University,61.223076923076924
Medical College of Wisconsin,0.0
Medical University of Bialystok,25.9
Medical University of Gdańsk,31.85
Medical University of Graz,51.666666666666664
Medical University of Innsbruck,51.4375
Medical University of Lodz,36.6
Medical University of Silesia in Katowice,14.350000000000001
Medical University of South Carolina,46.75
Medical University of Vienna,44.142857142857146
Medical University of Warsaw,26.175
Meiji University,15.87142857142857
Meijo University,15.258333333333333
Memorial University of Newfoundland,30.5875
Mendel University in Brno,17.9625
Mendeleev University of Chemical Technology,14.350000000000001
Menoufia University,21.0
Metropolitan Autonomous University,26.141666666666666
Miami University,16.883333333333336
Michigan State University,59.62307692307692
Middle East Technical University,31.805
Middlesex University,34.375
Mie University,18.07
Miguel Hernández University of Elche,30.26
Mines ParisTech,44.875
Ming Chi University of Technology,18.9
Ming Chuan University,14.992857142857144
Minia University,21.95
Mississippi State University,27.525000000000002
Missouri University of Science and Technology,32.48125
Mizzou - University of Missouri,33.542857142857144
Mohammed V University of Rabat,18.02857142857143
Monash University,61.48461538461538
Montana State University,28.7375
Monterrey Institute of Technology,27.2
Montpellier University,39.0875
Morgan State University,23.149999999999995
Moscow Aviation Institute,17.240000000000002
Moscow Institute of Physics and Technology (MIPT),43.225
Moscow Polytechnic University,15.4
Moscow Power Engineering Institute,15.84
Moscow State University of Civil Engineering,28.150000000000002
Muhimbili University of Health and Allied Sciences,43.5
Multimedia University,17.9625
Murdoch University,34.175
Muroran Institute of Technology,17.6
Mustansiriyah University,15.4
M’Hamed Bougara University of Boumerdès,16.2125
NOVA University of Lisbon,31.68125
Nagaoka University of Technology,16.87142857142857
Nagasaki University,18.01875
Nagoya City University,20.485714285714288
Nagoya Institute of Technology,17.25
Nagoya University,39.25
Nanjing Agricultural University,28.974999999999998
Nanjing Forestry University,31.85
Nanjing Medical University,29.400000000000002
Nanjing Normal University,28.50714285714286
Nanjing Tech University,27.0
Nanjing University,51.06111111111111
Nanjing University of Aeronautics and Astronautics,21.4625
Nanjing University of Information Science and Technology,32.33
Nankai University,45.129999999999995
Nantes Université,29.2625
"Nanyang Technological University, Singapore",65.33076923076922
Nara Medical University,16.669999999999998
Naresuan University,15.84
National Autonomous University of Mexico,25.21875
National Central University,22.01875
National Changhua University of Education,15.84
National Cheng Kung University (NCKU),30.55625
National Chengchi University,20.1
National Chi Nan University,16.150000000000002
National Chiao Tung University,33.01428571428571
National Chiayi University,15.258333333333333
National Chin-Yi University of Technology,17.9625
National Chung Cheng University,15.96875
National Chung Hsing University,16.764285714285712
National Dong Hwa University,23.308333333333334
National Formosa University,14.350000000000001
National Ilan University,16.150000000000002
National Institute of Applied Sciences of Lyon (INSA Lyon),27.2
National Institute of Technology Hamirpur,31.85
National Institute of Technology Rourkela,26.885714285714283
National Institute of Technology Silchar,31.25
"National Institute of Technology, Tiruchirappalli",24.380000000000003
National Kaohsiung University of Science and Technology,14.350000000000001
National Research Nuclear University MEPhI,35.43125
National Research Saratov State University,16.87142857142857
National Research University of Electronic Technology (MIET),15.924999999999999
National Sun Yat-Sen University,27.022222222222222
National Taipei University,17.633333333333333
National Taipei University of Technology,19.86875
National Taiwan Normal University,28.04375
National Taiwan Ocean University,17.693749999999998
National Taiwan University (NTU),53.9076923076923
National Taiwan University of Science and Technology (Taiwan Tech),32.30625
National Technical University Kharkiv Polytechnic Institute,17.9625
National Technical University of Athens,25.28
National Technical University of Ukraine – Igor Sikorsky Kyiv Polytechnic Institute,16.240000000000002
National Tsing Hua University,39.74444444444444
National United University,15.4
National University of Colombia,19.78333333333333
National University of Cuyo,18.237499999999997
National University of Córdoba,13.957142857142857
National University of Distance Education (UNED),21.35
National University of Kaohsiung,15.258333333333333
National University of La Plata,14.35
National University of San Martín,20.52
National University of Science and Technology (MISiS),25.7125
National University of Sciences and Technology,23.21875
National University of Singapore,79.29230769230769
National University of Tainan,18.5
National University of the South,15.149999999999999
National Yang Ming Chiao Tung University,43.849999999999994
National Yang-Ming University,28.333333333333332
National Yunlin University of Science and Technology,23.85
National and Kapodistrian University of Athens,32.8375
Near East University,33.075
Necmettin Erbakan University,21.75
New Jersey Institute of Technology,31.15
New Mexico Institute of Mining and Technology,39.95
New Mexico State University (Main campus),27.15
New York University,75.78461538461539
Newcastle University,52.06666666666666
Nicolaus Copernicus University in Toruń,18.057142857142857
Niigata University,21.675
Nippon Medical School,32.3
Nizhny Novgorod State Technical University,15.4
Nnamdi Azikiwe University,14.350000000000001
Normandy University,26.2
North Carolina State University,41.04375
North China Electric Power University,18.9
North South University,36.6
North-Caucasus Federal University,14.350000000000001
North-Eastern Federal University,16.150000000000002
North-West University,37.775
North-Western State Medical University named after I.I. Mechnikov,14.350000000000001
NorthWest A&F University,24.66
Northeast Normal University,27.571428571428573
"Northeastern University, China",25.457142857142856
"Northeastern University, US",47.480000000000004
Northern (Arctic) Federal University named after M.V. Lomonosov,14.350000000000001
Northern Arizona University,37.725
Northern Illinois University,33.400000000000006
Northumbria University,33.28125
Northwest University,22.599999999999998
Northwestern Polytechnical University,28.5875
Northwestern University,80.92307692307692
Norwegian University of Life Sciences,36.228571428571435
Norwegian University of Science and Technology,37.8125
Nosov Magnitogorsk State Technical University,15.4
Nottingham Trent University,27.9875
Nova Southeastern University,46.3625
Novosibirsk State Technical University,17.02857142857143
Novosibirsk State University,29.925
Nueva Granada Military University,14.350000000000001
Oakland University,18.73125
Obafemi Awolowo University,18.483333333333334
Ocean University of China,17.585714285714285
Ochanomizu University,15.84
Ogarev Mordovia State University,14.350000000000001
Ohio State University (Main campus),63.58461538461539
Ohio University (Main campus),25.808333333333334
Oita University,14.992857142857144
Okayama University,22.01875
Oklahoma State University,32.04375
Old Dominion University,29.50714285714286
Oles Honchar Dnipro National University,18.9
Omsk State Technical University,16.150000000000002
Ondokuz Mayis University,15.258333333333333
Ontario Tech University,35.775000000000006
Open University of Catalonia,35.11
Opole University of Technology,21.35
Oran 1 University,27.96666666666667
Oregon Health and Science University,42.04375
Oregon State University,35.99166666666667
Osaka City University,18.692857142857143
Osaka Institute of Technology,16.150000000000002
Osaka Medical College,16.833333333333332
Osaka Medical and Pharmaceutical University,14.350000000000001
Osaka Metropolitan University,21.35
Osaka Prefecture University,13.821428571428571
Osaka University,44.95769230769231
Osmania University,21.892857142857142
Otto von Guericke University of Magdeburg,21.45
Ovidius University of Constanța,14.350000000000001
Oxford Brookes University,30.5375
Ozyegin University,29.95
PMAS Arid Agriculture University Rawalpindi,17.375
PSG College of Technology,15.258333333333333
Pablo de Olavide University,26.775
Paderborn University,30.05
Palacký University Olomouc,25.049999999999997
Panjab University,26.325
Panthéon-Sorbonne University – Paris 1,29.3625
Paris Dauphine University,0.0
Paris Descartes University,24.174999999999997
Paris Diderot University – Paris 7,48.5625
Paris Lodron Universität Salzburg,36.6
Paris Nanterre University,18.8
Paris Sciences et Lettres – PSL Research University Paris,72.23333333333333
Paris-Saclay University,55.7
Paris-Sorbonne University – Paris 4,30.366666666666664
Paris-Sud University,52.73125
Parthenope University of Naples,33.35
Pavlov First Saint Petersburg State Medical University,15.4
Pavol Jozef Šafárik University in Košice,23.149999999999995
Payame Noor University,14.350000000000001
Pedagogical and Technological University of Colombia,14.350000000000001
Peking University,75.9
Penn State (Main campus),62.49230769230769
Penza State University,14.350000000000001
Perm National Research Polytechnic University,15.84
Perm State University,15.258333333333333
Persian Gulf University,18.9
Peter the Great St Petersburg Polytechnic University,32.18125
Pierre and Marie Curie University,56.1875
Pirogov Russian National Research Medical University,17.240000000000002
Platov South-Russian State Polytechnic University (NPI),14.350000000000001
Plekhanov Russian University of Economics,38.025000000000006
Pohang University of Science and Technology (POSTECH),60.76923076923077
Politecnico di Milano,40.043749999999996
Polytechnic Institute of Porto,24.869999999999997
Polytechnic University of Bari,39.519999999999996
Polytechnic University of Bucharest,16.2125
Polytechnic University of Timişoara,16.2125
Polytechnic University of Turin,32.8125
Polytechnic University of Valencia,25.84375
Pompeu Fabra University,52.98333333333333
Pondicherry University,22.599999999999998
Pontifical Catholic University of Minas Gerais,16.2125
Pontifical Catholic University of Peru,22.90833333333333
Pontifical Catholic University of Rio Grande do Sul (PUCRS),22.275
Pontifical Catholic University of Rio de Janeiro (PUC-Rio),25.65
Pontifical Catholic University of Valparaíso,15.8
Pontifical Javeriana University,35.94285714285714
Pontificia Universidad Católica de Chile,32.31875
Pontificia Universidad Católica del Ecuador,14.350000000000001
Pontifícia Universidade Católica do Paraná,15.8
Port Said University,20.38333333333333
Portland State University,24.52857142857143
Poznan University of Medical Sciences,21.35
Poznan University of Technology,18.9
Prague University of Economics and Business,15.84
Prince Sattam Bin Abdulaziz University,35.775000000000006
Prince of Songkla University,14.7625
Princess Nourah bint Abdulrahman University,31.85
Princeton University,92.13846153846154
Privolzhsky Research Medical University,15.4
Public University of Navarre,23.149999999999995
Purdue University Northwest,16.45
Purdue University West Lafayette,61.0
Pusan National University,25.21875
Qassim University,18.483333333333334
Qatar University,36.74375
Qazvin University of Medical Sciences,43.5
Qingdao University,33.075
Qom University of Medical Sciences,43.5
Quaid-i-Azam University,31.72142857142857
Queen Mary University of London,56.9076923076923
Queensland University of Technology,45.8625
Queen’s University,42.71666666666667
Queen’s University Belfast,51.3875
R V College of Engineering,14.350000000000001
RCSI University of Medicine and Health Sciences,44.84375
RMIT University,37.1125
RUDN University,25.685714285714287
RWTH Aachen University,56.84615384615385
Radboud University Nijmegen,55.541666666666664
Razi University,17.049999999999997
Recep Tayyip Erdoğan University,16.150000000000002
Reichman University,30.4
Renmin University of China,30.442857142857143
Rensselaer Polytechnic Institute,40.362500000000004
Reykjavík University,44.98333333333333
Rhodes University,31.85
Rice University,60.815384615384616
Riga Stradiņš University,38.025000000000006
Riga Technical University,19.214285714285715
Rikkyo University,26.860000000000003
Riphah International University,36.6
Ritsumeikan University,16.87142857142857
Robert Gordon University,20.02857142857143
Rochester Institute of Technology,23.525
Roskilde University,32.714285714285715
Rovira i Virgili University,31.70625
Rowan University,25.9
"Royal Holloway, University of London",51.215384615384615
Royal Veterinary College,36.6375
Ruhr University Bochum,42.45
Rush University,39.6
Russian Presidential Academy of National Economy and Public Administration,16.150000000000002
Rutgers University – New Brunswick,54.965384615384615
Ryukoku University,16.150000000000002
Rzeszów University of Technology,15.4
SASTRA University,17.178571428571427
SGH Warsaw School of Economics,14.350000000000001
SOAS University of London,39.07857142857143
SRM Institute of Science and Technology,15.992857142857144
SRUC (Scotland’s Rural College),42.53333333333333
SUNY Binghamton University,32.3
SUNY University at Albany,35.392857142857146
SWPS University of Social Sciences and Humanities,21.4625
Sabancı University,37.15555555555555
Saga University,17.45
Sahand University of Technology,31.0
Saint Louis University,33.666666666666664
Saint Petersburg State University,29.94375
Saint-Petersburg Mining University,37.4875
Saitama Medical University,18.057142857142857
Saitama University,14.899999999999999
Sakarya University,20.38333333333333
Samara National Research University (Samara University),18.86
Samara State Aerospace University,19.725
Samara State Technical University,16.150000000000002
San Diego State University,31.19375
San Jose State University,24.75
San Sebastián University,16.150000000000002
Sant’Anna School of Advanced Studies – Pisa,53.975
Sapienza University of Rome,43.0125
Sapporo Medical University,20.619999999999997
Satbayev University,16.150000000000002
Sathyabama Institute of Science and Technology,15.992857142857144
Saveetha Institute of Medical and Technical Sciences,31.083333333333332
Savitribai Phule Pune University,26.9375
Sciences Po,39.75
Scuola Normale Superiore di Pisa,56.355555555555554
Sechenov University,18.678571428571427
Sejong University,35.575
Selçuk University,17.9625
Semmelweis University,36.375
Semnan University,20.0375
Semnan University of Medical Sciences and Health Services,21.75
Seoul National University,64.43076923076923
Seoul National University of Science and Technology (SeoulTech),17.45
Shaanxi Normal University,15.95
Shahed University,17.9625
Shahid Bahonar University of Kerman,17.240000000000002
Shahid Beheshti University,21.775
Shahid Beheshti University of Medical Sciences,29.889999999999997
Shahid Rajaee Teacher Training University,18.483333333333334
Shahrekord University,21.4625
Shahrood University of Technology,20.04
Shandong University,33.2625
Shanghai Jiao Tong University,51.23125
Shanghai Maritime University,21.883333333333336
Shanghai University,23.28125
Shanghai University of Finance and Economics (SUFE),27.45
Shantou University,23.21875
Sharif University of Technology,31.3
Sheffield Hallam University,21.06875
Shenzhen University,39.38
Shibaura Institute of Technology,15.992857142857144
Shiga University of Medical Science,19.73
Shimane University,15.87142857142857
Shinshu University,16.98125
Shiraz University,25.457142857142856
Shiraz University of Medical Sciences,23.862499999999997
Shiraz University of Technology,34.06
Shizuoka University,15.87142857142857
Shoolini University of Biotechnology and Management Sciences,45.95
Showa University,14.7625
Siberian Federal University,17.178571428571427
Siberian State Medical University,14.350000000000001
Sichuan University,30.09375
Sichuan University of Science and Engineering,14.350000000000001
Sidi Mohamed Ben Abdellah University,23.45
Siksha ‘O’ Anusandhan,19.3875
Silesian University of Technology,17.9625
Silpakorn University,16.2125
Simon Fraser University,43.22222222222222
Simón Bolívar University,16.06
Sivas Cumhuriyet University,15.4
Slovak University of Agriculture in Nitra,17.9625
Slovak University of Technology in Bratislava,13.8875
Sofia University,15.992857142857144
Sogang University,23.8
Sohag University,23.31
"Soochow University, China",30.5875
Soonchunhyang University,18.9
Soongsil University,17.9625
Sophia University,13.8875
Sorbonne University,64.12
South China Normal University,29.666666666666668
South China University of Technology,31.9625
South Ural State University,22.6625
South Valley University,19.557142857142853
Southeast University,36.58571428571429
Southern Cross University,29.9125
Southern Federal University,14.7625
Southern Illinois University Carbondale,29.725
Southern Medical University,31.610000000000003
Southern University of Science and Technology (SUSTech),50.71
Southwest Jiaotong University,17.178571428571427
Southwest Petroleum University,16.45
Southwest State University,15.4
Southwestern University of Finance and Economics,35.8375
Sri Venkateswara University,23.271428571428572
Srinakharinwirot University,15.84
St Francis Xavier University,29.549999999999997
"St George’s, University of London",50.06666666666667
St Marianna University School of Medicine,23.662499999999998
St Petersburg Electrotechnical University (LETI),17.240000000000002
Staffordshire University,22.28
Stanford University,94.06923076923077
State University of Malang,21.35
State University of Ponta Grossa,16.283333333333335
State University of Santa Cruz,16.2125
Stellenbosch University,39.78125
Stevens Institute of Technology,35.5
Stockholm University,54.83846153846154
Stony Brook University,44.91153846153846
Suez Canal University,27.2
Sultan Qaboos University,22.86875
Sumy State University,34.35
Sun Yat-sen University,40.87222222222223
Sungkyunkwan University (SKKU),58.17777777777778
Sunway University,31.85
Suranaree University of Technology,17.925
Swansea University,41.6875
Swedish University of Agricultural Sciences,40.983333333333334
Swinburne University of Technology,37.34375
Symbiosis International University,30.7
Syracuse University,41.166666666666664
Szent István University,17.025
Süleyman Demirel University,16.2125
TOBB University of Economics and Technology,18.25
TU Braunschweig,34.1375
TU Dortmund University,37.38125
TU Dresden,55.24444444444444
TU Wien,38.4375
Tabriz University of Medical Sciences,34.1375
Taibah University,31.85
Taif University,26.525
Taipei Medical University,34.3125
Tallinn University,26.15
Tallinn University of Technology,25.39375
Tamil Nadu Agricultural University,15.258333333333333
Tamkang University,15.992857142857144
Tampere University,48.0625
Tampere University of Technology,25.549999999999997
Tanta University,24.380000000000003
Taras Shevchenko National University of Kyiv,14.7625
Tata Institute of Fundamental Research,23.05
Technical University of Berlin,59.05714285714286
Technical University of Cartagena,21.4625
Technical University of Cluj-Napoca,16.2125
Technical University of Crete,28.299999999999997
Technical University of Darmstadt,42.0375
Technical University of Denmark,53.15384615384615
Technical University of Košice,17.45
Technical University of Liberec,14.992857142857144
Technical University of Loja,15.4
Technical University of Madrid,23.525
Technical University of Munich,66.96923076923078
Technical University of Sofia,15.4
Technion Israel Institute of Technology,38.12222222222223
Technological University Dublin,26.15
Technological University of Pereira,21.35
Teesside University,25.164285714285715
Tehran University of Medical Sciences,28.175
Teikyo University,33.769999999999996
Tel Aviv University,45.854166666666664
Telkom University,16.150000000000002
Temple University,39.15625
Temuco Catholic University,14.350000000000001
Texas A&M University,52.300000000000004
Texas State University,20.183333333333334
Texas Tech University,27.16875
Tezpur University,23.964285714285715
Thammasat University,17.240000000000002
Thapar Institute of Engineering and Technology,30.333333333333332
The British University in Egypt,21.35
The Catholic University of Korea,21.25
The Hashemite University,15.992857142857144
The Hong Kong University of Science and Technology,68.48461538461538
The Islamia University of Bahawalpur,24.75
The Jikei University School of Medicine,26.514285714285712
The John Paul II Catholic University of Lublin,21.35
The New School,28.55
The Open University,31.19375
The University of Aizu,31.258333333333336
The University of Alabama,36.85
The University of Chicago,89.01538461538462
The University of Electro-Communications,17.45
The University of Jordan,21.6625
The University of Queensland,65.25384615384615
The University of Sydney,66.4076923076923
The University of Tennessee-Knoxville,40.13125
The University of Texas at San Antonio,32.74375
The University of Tokyo,75.06153846153846
The University of Tulsa,33.221428571428575
The University of Western Australia,54.49166666666667
The University of the West Indies,38.68
Tianjin University,32.8375
Tilburg University,45.075
Toho University,18.86
Tohoku University,46.59615384615385
Tokai University,14.7625
Tokat Gaziosmanpaşa University,17.9625
Tokushima University,16.98125
Tokyo City University,14.992857142857144
Tokyo Denki University,14.992857142857144
Tokyo Institute of Technology,45.62692307692308
Tokyo Medical University,25.41
Tokyo Medical and Dental University (TMDU),34.26875
Tokyo Metropolitan University,28.56875
Tokyo University of Agriculture,15.84
Tokyo University of Agriculture and Technology,20.0625
Tokyo University of Marine Science and Technology,14.7625
Tokyo University of Pharmacy and Life Sciences,15.4
Tokyo University of Science,19.025
Tomas Bata University in Zlín,16.87142857142857
Tomsk Polytechnic University,28.125
Tomsk State University,30.5875
Tomsk State University of Control Systems and Radioelectronics,16.150000000000002
Ton Duc Thang University,42.975
Tongji University,35.7625
Toronto Metropolitan University,31.6
Tottori University,13.11875
Toulouse 1 Capitole University,0.0
Toyo University,15.258333333333333
Toyohashi University of Technology (TUT),16.98125
Toyota Technological Institute,33.075
Transilvania University of Brașov,18.483333333333334
Tribhuvan University,25.57
Trinity College Dublin,56.184615384615384
Tshwane University of Technology,22.28
Tsinghua University,74.66153846153847
Tufts University,57.42307692307692
Tulane University,38.275
Tunghai University,17.9625
Tzu Chi University,17.9625
Télécom Paris,53.5
Télécom SudParis,38.05
UCL,84.38461538461539
UNIR – International University of La Rioja,21.35
UNSW Sydney,59.92307692307692
USAMV Cluj-Napoca,21.35
Ufa State Aviation Technical University,16.2125
Ufa State Petroleum Technological University,27.049999999999997
UiT The Arctic University of Norway,35.33125
Ulm University,56.275
Ulsan National Institute of Science and Technology (UNIST),53.43333333333334
Ulster University,28.6375
Umeå University,39.43125
Umm Al-Qura University,29.733333333333334
Unisinos University,16.425
United Arab Emirates University,36.637499999999996
Universidad Andrés Bello (UNAB),17.45
Universidad Autónoma Chapingo,14.350000000000001
Universidad Autónoma de Chile,36.5875
Universidad Autónoma de Ciudad Juárez,14.350000000000001
Universidad Autónoma de Coahuila,14.350000000000001
Universidad Autónoma de Nuevo León (UANL),14.992857142857144
Universidad Autónoma de Querétaro,17.46
Universidad Autónoma de Yucatán,14.992857142857144
Universidad Autónoma del Estado de Hidalgo,15.258333333333333
Universidad Autónoma del Estado de Mexico (UAEMex),14.992857142857144
Universidad Autónoma del Estado de Morelos,15.4
Universidad Católica San Antonio de Murcia (UCAM),23.149999999999995
Universidad Industrial de Santander (UIS),17.46
Universidad Michoacana de San Nicolás de Hidalgo,15.84
Universidad Nacional Mayor de San Marcos,15.4
Universidad Nacional del Litoral,16.150000000000002
Universidad Panamericana (UP),14.350000000000001
Universidad Peruana Cayetano Heredia,36.37
Universidad Politécnica Salesiana,15.4
Universidad Pontificia Bolivariana (UPB),15.84
Universidad San Francisco de Quito,28.299999999999997
Universidad de las Fuerzas Armadas – ESPE,15.4
Universidade Eduardo Mondlane,36.6
Universidade Estadual Paulista (Unesp),22.01875
Universidade Estadual de Maringá,14.992857142857144
Universidade Estadual do Norte Fluminense Darcy Ribeiro,14.350000000000001
Universidade Estadual do Oeste do Paraná (Unioeste),15.258333333333333
Universidade Federal Rural do Semi-Arido,16.2125
Universidade Federal da Bahia,15.385714285714284
Universidade Federal da Grande Dourados,16.45
Universidade Federal de Ciências da Saúde de Porto Alegre (UFCSPA),16.2125
Universidade Federal de Juiz de Fora,16.150000000000002
Universidade Federal de Ouro Preto (UFOP),15.1
Universidade Federal de Santa Catarina,23.2
Universidade Federal de Sergipe,33.35
Universidade Federal de São Paulo (UNIFESP),30.957142857142856
Universidade Federal do ABC (UFABC),21.67142857142857
Universidade Federal do Ceará (UFC),15.87142857142857
Universidade Federal do Maranhão (UFMA),16.150000000000002
Universidade Federal do Paraná (UFPR),15.2
Universidade Federal do Rio Grande do Sul,26.91875
Universidade Federal do Triângulo Mineiro,15.4
Universidade Federal do Vale do São Francisco,14.350000000000001
Universidade Nove de Julho (Uninove),15.4
Universidade Tecnológica Federal do Paraná (UTFPR),15.84
Universidade do Estado de Santa Catarina,16.2125
Universidade do Estado do Rio de Janeiro (UERJ),14.7625
Universitas Airlangga,18.9
Universitas Andalas,14.350000000000001
Universitas Gadjah Mada,17.45
Universitas Padjadjaran,16.150000000000002
Universitas Pendidikan Indonesia,23.05
Universitas Sebelas Maret,18.9
Universitas Sumatera Utara,14.350000000000001
Universitat Internacional de Catalunya,31.55
Universitat Politècnica de Catalunya,29.94375
Universitat Ramon Llull,41.55
Universiti Brunei Darussalam,44.5
Universiti Kebangsaan Malaysia,26.91875
Universiti Kuala Lumpur,18.483333333333334
Universiti Malaysia Kelantan,21.35
Universiti Malaysia Pahang,31.85
Universiti Malaysia Perlis,25.299999999999997
Universiti Malaysia Sabah (UMS),14.350000000000001
Universiti Malaysia Sarawak (UNIMAS),17.240000000000002
Universiti Malaysia Terengganu (UMT),18.9
Universiti Pendidikan Sultan Idris,30.7
Universiti Putra Malaysia,26.0125
Universiti Sains Malaysia,26.91875
Universiti Teknikal Malaysia Melaka,18.483333333333334
Universiti Teknologi MARA,13.228571428571428
Universiti Teknologi Malaysia,26.91875
Universiti Teknologi Petronas,32.392857142857146
Universiti Tenaga Nasional (UNITEN),25.858333333333334
Universiti Tun Hussein Onn Malaysia (UTHM),18.9
Universiti Tunku Abdul Rahman (UTAR),32.48333333333333
Universiti Utara Malaysia,26.442857142857143
University College Cork,39.35625
University College Dublin,50.35
University Mohamed Boudiaf of M’Sila,15.4
University Rey Juan Carlos,23.74285714285714
University at Buffalo,43.32272727272727
University of A Coruña,19.83125
University of Aberdeen,51.88461538461539
University of Abou Bekr Belkaïd Tlemcen,15.87142857142857
University of Adelaide,57.154545454545456
"University of Agriculture, Faisalabad",24.07857142857143
University of Alabama at Birmingham,55.325
University of Alabama in Huntsville,36.1375
University of Alaska Fairbanks,37.7375
University of Alberta,56.638461538461534
University of Alcalá,25.618750000000002
University of Algarve,27.525000000000002
University of Alicante,20.266666666666666
University of Almería,21.133333333333333
University of Amsterdam,63.5
University of Anbar,27.049999999999997
University of Antioquia,17.00625
University of Antofagasta,34.925
University of Antwerp,51.61363636363637
University of Applied Sciences and Arts of Western Switzerland,31.85
University of Arizona,56.184615384615384
University of Arkansas,28.6375
University of Auckland,52.21153846153846
University of Aveiro,28.6875
University of Babylon,36.6
University of Baghdad,19.22
University of Barcelona,52.09444444444445
University of Bari Aldo Moro,33.7625
University of Basel,59.184615384615384
University of Basrah,16.150000000000002
University of Bath,43.225
University of Bayreuth,39.15
University of Bedfordshire,26.535714285714285
University of Beira Interior,30.085714285714285
University of Belgrade,21.75
University of Benin,21.35
University of Bergamo,34.221428571428575
University of Bergen,50.64
University of Bern,57.14166666666667
University of Birjand,15.439999999999998
University of Birmingham,55.715384615384615
University of Biskra,16.2125
University of Bologna,47.2625
University of Bonn,56.30833333333334
University of Bordeaux,37.775
University of Botswana,20.38333333333333
University of Bradford,26.60625
University of Brasília,19.978571428571428
University of Brawijaya,16.2125
University of Bremen,38.7375
University of Brescia,34.675
University of Brighton,26.325
University of Bristol,62.58461538461539
University of British Columbia,75.28461538461539
University of Bucharest,15.774999999999999
University of Burgos,20.0
University of Burgundy,0.0
University of Béjaïa,19.22
University of Bío-Bío,15.84
University of Cadiz,22.2375
University of Cagliari,21.45
University of Calabria,35.385714285714286
University of Calcutta,17.116666666666664
University of Calgary,45.64375
"University of California, Berkeley",89.5076923076923
"University of California, Davis",68.40769230769232
"University of California, Irvine",60.138461538461534
"University of California, Los Angeles",86.56923076923077
"University of California, Merced",45.57
"University of California, Riverside",50.526923076923076
"University of California, San Diego",74.88461538461539
"University of California, Santa Barbara",70.73846153846154
"University of California, Santa Cruz",54.3423076923077
University of Cambridge,93.28461538461539
University of Camerino (Unicam),38.025000000000006
University of Campania Luigi Vanvitelli,36.6
University of Campinas,34.55625
University of Canberra,42.4125
University of Canterbury,36.09375
University of Cape Coast,46.5
University of Cape Town,55.23846153846154
University of Carthage,17.9625
University of Castilla-La Mancha,19.83125
University of Catania,31.45
University of Caxias do Sul,16.2125
University of Central Florida,33.25
University of Central Lancashire,22.61875
University of Cergy-Pontoise,16.391666666666666
"University of Chemistry and Technology, Prague",17.925
University of Chester,17.240000000000002
University of Chile,24.4
University of Cincinnati – Uptown,41.542857142857144
University of Clermont Auvergne,31.22
University of Coimbra,29.95625
University of Colima,14.350000000000001
University of Cologne,55.975
University of Colombo,20.92142857142857
University of Colorado Boulder,58.0
University of Colorado Colorado Springs,18.9
University of Colorado Denver/Anschutz Medical Campus,47.13
University of Concepción,19.435714285714287
University of Connecticut,37.7375
University of Copenhagen,56.73076923076923
University of Costa Rica,29.635714285714283
University of Craiova,14.350000000000001
University of Crete,37.48125
University of Cyprus,35.4875
University of Córdoba,29.7375
University of Côte d’Azur,40.94166666666666
University of Dar es Salaam,15.3875
University of Dayton,29.2
University of Debrecen,20.46875
University of Delaware,43.94615384615384
University of Delhi,25.049999999999997
University of Denver,43.128571428571426
University of Derby,27.55
University of Desarrollo,39.519999999999996
University of Deusto,30.99
University of Dhaka,18.758333333333333
University of Duisburg-Essen,45.05625
University of Dundee,50.60454545454545
University of East Anglia,51.26538461538462
University of East London,25.849999999999998
University of Eastern Finland,35.4875
University of Edinburgh,76.24615384615385
University of Electronic Science and Technology of China,26.37857142857143
University of Engineering & Technology (UET) Lahore,18.38
"University of Engineering and Technology, Peshawar",31.85
"University of Engineering and Technology, Taxila",36.6
University of Erlangen-Nuremberg,54.725
University of Essex,40.8375
University of Exeter,54.30769230769231
University of Extremadura,27.049999999999997
University of Ferrara,33.96875
University of Florence,35.35625
University of Florida,55.083333333333336
University of Foggia,29.666666666666668
University of Fort Hare,21.35
University of Fortaleza (UNIFOR),22.662499999999998
University of Freiburg,57.361538461538466
University of Fribourg,39.91875
University of Fukui,15.258333333333333
University of Galway,41.44375
University of Gdańsk,16.425
University of Geneva,54.8423076923077
University of Genoa,35.0
University of Georgia,35.79375
University of Ghana,19.83125
University of Girona,32.95
University of Glasgow,59.3
University of Gothenburg,52.9
University of Granada,28.6375
University of Graz,31.19375
University of Greenwich,27.425
University of Greifswald,35.825
University of Groningen,59.78461538461538
University of Guadalajara,14.992857142857144
University of Guanajuato,15.84
University of Guelph,32.785714285714285
University of Guilan,19.95
University of Gujrat,27.049999999999997
University of Göttingen,60.46153846153846
University of Haifa,27.575
University of Hail,45.5
University of Hamburg,56.364285714285714
University of Havana,16.2125
University of Hawai’i at Mānoa,45.361111111111114
University of Helsinki,59.276923076923076
University of Hertfordshire,27.93125
University of Hohenheim,44.23125
University of Hong Kong,74.13846153846154
University of Houston,34.76875
University of Hradec Králové,17.9625
University of Huddersfield,26.91875
University of Hull,31.675
University of Hyogo,15.258333333333333
University of Ibadan,28.275
University of Iceland,39.29375
University of Idaho,28.089999999999996
University of Illinois Chicago,43.7125
University of Illinois at Urbana-Champaign,73.45384615384616
University of Ilorin,18.9
University of Indonesia,22.193749999999998
University of Innsbruck,38.861111111111114
University of Insubria,39.5375
University of International Business and Economics,36.9875
University of Ioannina,27.36875
University of Iowa,45.79230769230769
University of Isfahan,21.03
University of Jaén,26.535714285714285
University of Jeddah,25.9
University of Johannesburg,30.764285714285712
University of Jyväskylä,34.88125
University of Kaiserslautern,31.556250000000002
University of Kansas,42.01428571428572
University of Karachi,14.733333333333334
University of Kashan,36.37
University of Kent,38.7125
University of Kentucky,40.125
University of Kerala,16.425
University of Kiel,43.30625
University of Klagenfurt,45.2375
University of Konstanz,50.18
University of Kragujevac,41.55
University of Kufa,14.350000000000001
University of Kurdistan,32.5
University of KwaZulu-Natal,35.0625
University of La Frontera,21.849999999999998
University of La Laguna,27.01875
University of La Sabana,16.150000000000002
University of La Serena,31.85
University of Lagos,35.35
University of Lahore,19.34
University of Las Palmas de Gran Canaria,26.860000000000003
University of Latvia,22.45
University of Lausanne,53.92307692307692
University of Leeds,54.66923076923077
University of Leicester,51.59166666666667
University of Leoben,29.130000000000003
University of Lethbridge,17.9625
University of León,20.04
University of Lille,36.707142857142856
University of Limerick,30.5875
University of Lincoln,28.94375
University of Lisbon,32.28125
University of Liverpool,52.107692307692304
University of Liège,39.0125
University of Ljubljana,24.94375
University of Lleida,31.6
University of Lorraine,33.175000000000004
University of Lucknow,18.483333333333334
University of Luxembourg,51.612500000000004
University of L’Aquila,38.7875
University of Macau,40.04375
University of Macerata (UNIMC),14.350000000000001
University of Malaga,22.2375
University of Malakand,35.775000000000006
University of Malaya,45.28333333333333
University of Malta,31.6
University of Management and Technology,40.65
University of Manchester,67.73076923076923
University of Manitoba,36.6
University of Mannheim,57.925
University of Manouba,21.4625
University of Maragheh,28.299999999999997
University of Marburg,45.4
University of Maribor,20.9375
University of Marrakech Cadi Ayyad,16.487499999999997
"University of Maryland, Baltimore County",30.5375
"University of Maryland, College Park",59.75384615384615
University of Massachusetts,55.215384615384615
University of Mauritius,27.049999999999997
University of Mazandaran,23.419999999999998
University of Melbourne,75.36923076923077
University of Memphis,29.666666666666668
University of Messina,39.38333333333333
University of Miami,50.333333333333336
University of Michigan-Ann Arbor,82.76153846153846
University of Milan,39.5
University of Milan-Bicocca,36.9875
University of Minho,25.81875
University of Minnesota,66.3
University of Miskolc,16.150000000000002
University of Missouri-St Louis,35.15
University of Miyazaki,16.283333333333335
University of Modena and Reggio Emilia,35.43125
University of Mohaghegh Ardabili,36.43333333333334
University of Monastir,15.992857142857144
University of Mons,40.65
University of Montana,31.558333333333334
University of Montenegro,16.2125
University of Montreal,58.86153846153846
University of Mosul,14.350000000000001
University of Mumbai,20.0375
University of Murcia,20.775
University of Mysore,16.425
University of Münster,54.36875
University of Nairobi,22.59375
University of Namibia,36.6
University of Namur,30.7
University of Naples Federico II,36.3875
University of Navarra,41.31875
University of Nebraska Medical Center,33.10625
University of Nebraska-Lincoln,37.0875
University of Neuchâtel,32.75
"University of Nevada, Las Vegas",32.17
University of New Brunswick UNB,33.050000000000004
University of New Mexico (Main campus),39.199999999999996
University of Newcastle,42.13125
University of Nice Sophia Antipolis,17.525
University of Nicosia,34.4
University of Nigeria Nsukka,17.240000000000002
University of North Carolina Wilmington,17.9625
University of North Carolina at Chapel Hill,69.15384615384616
University of North Carolina at Charlotte,33.075
University of North Carolina at Greensboro,25.65
University of North Florida,16.4
University of Northern British Columbia (UNBC),27.116666666666664
University of Notre Dame,56.349999999999994
University of Nottingham,53.96153846153846
University of Novi Sad,16.150000000000002
"University of Occupational and Environmental Health, Japan",41.75
University of Oklahoma,38.63333333333333
University of Oradea,15.4
University of Oregon,38.15833333333333
University of Oslo,54.67272727272727
University of Ostrava,18.8
University of Otago,44.23125
University of Ottawa,47.074999999999996
University of Oulu,41.9
University of Oviedo,24.34375
University of Oxford,94.47692307692309
University of Padua,42.55625
University of Palermo,28.7375
University of Pannonia,18.9
University of Pardubice,13.8875
University of Paris North – Paris 13,0.0
University of Parma,29.9125
University of Passau,47.49166666666667
University of Passo Fundo (UPF),15.4
University of Patras,21.375
University of Pau and Pays de l’Adour,18.9
University of Pavia,37.46875
University of Pennsylvania,85.97692307692309
University of Peradeniya,41.325
University of Pernambuco,15.4
University of Perugia,40.5625
University of Peshawar,24.630000000000003
University of Pisa,36.54375
University of Pittsburgh-Pittsburgh campus,59.95384615384615
University of Plymouth,35.0625
University of Porto,34.41875
University of Portsmouth,33.59375
University of Potsdam,50.14166666666667
University of Pretoria,26.325
University of Primorska,23.05
University of Puerto Rico,26.15
University of Pécs,24.23125
University of Reading,50.34090909090909
University of Regensburg,34.95
University of Regina,27.087500000000002
University of Rennes 1,26.592857142857145
University of Rhode Island,34.2625
University of Rijeka,15.4
University of Rochester,55.64166666666667
University of Roehampton,26.535714285714285
University of Rome II – Tor Vergata,35.4375
University of Rome III,31.1125
University of Salamanca,24.94375
University of Salento,28.6875
University of Salerno,41.6
University of Salford,24.125
University of San Diego,29.7
University of San Francisco,0.0
University of Sannio,39.233333333333334
University of Santiago de Compostela,25.5375
"University of Santiago, Chile (USACH)",14.7625
University of Sargodha,21.4625
University of Saskatchewan,34.26875
University of Sassari,35.4
University of Science and Technology Beijing,23.21875
University of Science and Technology of China,54.21
University of Science and Technology of Oran Mohamed-Boudiaf,16.2125
University of Sciences and Technology Houari Boumediene,16.133333333333333
University of Seoul,18.85625
University of Seville,22.925
University of Sfax,18.86
University of Shanghai for Science and Technology,18.9
University of Sharjah,33.06666666666667
University of Sheffield,57.607692307692304
University of Shizuoka,15.84
University of Siegen,35.55714285714286
University of Siena,33.86875
University of Silesia in Katowice,13.521428571428572
University of Sistan and Baluchestan,16.150000000000002
University of Social Welfare and Rehabilitation Sciences,25.9
University of Sonora,15.84
University of Sousse,17.9625
University of South Africa,17.112499999999997
University of South Alabama,29.7
University of South Australia,42.01875
University of South Bohemia in České Budějovice,28.55
University of South Carolina-Columbia,35.114285714285714
University of South China,16.2125
University of South Dakota,25.49285714285714
University of South Florida,52.45
University of South Florida (Tampa),41.208333333333336
University of South Wales,22.391666666666666
University of Southampton,56.66923076923077
University of Southern California,65.46153846153847
University of Southern Denmark,42.04375
University of Southern Mississippi,11.5625
University of Southern Queensland,29.8625
University of Split,28.941666666666666
University of St Andrews,55.13076923076923
University of St Gallen,36.11875
University of Stavanger,41.55
University of Stirling,38.9625
University of Strasbourg,34.64375
University of Strathclyde,35.0
University of Stuttgart,41.7625
University of Sunderland,27.049999999999997
University of Surrey,42.75625
University of Sussex,55.41923076923077
University of Szeged,23.525
University of São Paulo,43.980000000000004
University of Tabriz,32.050000000000004
University of Tabuk,41.55
University of Talca,18.02857142857143
University of Tampere,36.5125
University of Tarapacá,17.240000000000002
University of Tartu,40.96875
University of Tasmania,39.20625
University of Technology Sydney,47.475
University of Technology of Compiègne,26.866666666666664
University of Technology of Troyes,24.566666666666666
"University of Technology, Iraq",23.862499999999997
University of Tehran,26.84375
University of Texas Rio Grande Valley,28.299999999999997
University of Texas at Arlington,28.6375
University of Texas at Austin,73.39166666666667
University of Texas at Dallas,42.43
University of Texas at El Paso,24.125
University of Thessaly,31.6
University of Toledo,29.33125
University of Toronto,83.32307692307693
University of Tours,29.675
University of Toyama,16.87142857142857
University of Trento,46.625
University of Trieste,34.7875
University of Trás-os-Montes and Alto Douro,25.829999999999995
University of Tsukuba,34.26875
University of Tunis,14.350000000000001
University of Tunis El Manar,17.178571428571427
University of Turin,35.50625
University of Turku,38.1125
University of Tuscia,39.38333333333333
University of Twente,50.4375
University of Tyumen,15.4
University of Tübingen,59.0
University of Udine,36.22
University of Ulsan,29.33125
University of Urbino Carlo Bo,32.09375
University of Utah,51.150000000000006
University of Vaasa,44.2
University of Valencia,33.4375
University of Valladolid,17.9625
University of Valparaíso,16.283333333333335
University of Venda,21.35
University of Veracruz,14.35
University of Vermont,41.974999999999994
"University of Veterinary and Animal Sciences, Lahore",17.375
University of Vic – Central University of Catalonia,41.55
University of Victoria,41.90833333333333
University of Vienna,53.23076923076923
University of Vigo,22.925
University of Virginia (Main campus),56.86923076923077
University of Waikato,34.56875
University of Warmia and Mazury in Olsztyn,15.4
University of Warsaw,27.3375
University of Warwick,59.24166666666667
University of Washington,78.5
University of Waterloo,51.7
University of West Attica,14.350000000000001
University of West Bohemia,15.8
University of Western Macedonia,21.35
University of Westminster,24.34375
University of Winchester,31.85
University of Windsor,30.764285714285712
University of Wisconsin,67.0
University of Wisconsin-Madison,71.97500000000001
University of Wisconsin-Milwaukee,30.4875
University of Wollongong,44.0
University of Wolverhampton,28.77
University of Wrocław,18.4875
University of Wuppertal,35.45
University of Wyoming,33.400000000000006
University of Würzburg,54.68888888888889
University of Yamanashi,19.407142857142855
University of York,56.49230769230769
University of Zagreb,19.214285714285715
University of Zambia,40.65
University of Zanjan,15.569999999999999
University of Zaragoza,23.8
University of Zimbabwe,27.049999999999997
University of Zurich,60.05384615384616
University of the Aegean,28.325
"University of the Andes, Chile",20.0375
"University of the Andes, Colombia",25.21875
"University of the Andes, Venezuela",14.992857142857144
University of the Balearic Islands,33.410000000000004
University of the Basque Country,25.81875
University of the Free State,31.85
"University of the North, Colombia",17.9625
University of the Philippines,31.957142857142856
University of the Punjab,24.8625
University of the Ryukyus,17.240000000000002
University of the South Pacific,25.9
University of the Sunshine Coast,32.72857142857143
University of the West of England,29.76875
University of the West of Scotland,35.18571428571429
University of the Western Cape,30.764285714285712
University of the Witwatersrand,44.40625
University of Évora,23.825
University of Łódź,14.992857142857144
University of Žilina,23.149999999999995
Università della Svizzera italiana,48.675
Universität Heidelberg,68.17692307692307
Université 8 Mai 1945 Guelma,21.35
Université Bourgogne Franche-Comté (UBFC),34.27142857142857
Université Catholique de Louvain,53.475
Université Chouaïb Doukkali,21.35
Université Frères Mentouri Constantine 1,15.84
Université Grenoble Alpes,44.275
Université Hassan 1er,15.4
Université Hassan II de Casablanca,17.240000000000002
Université Laval,42.04375
Université Libre de Bruxelles,45.41111111111111
Université Mouloud Mammeri de Tizi-Ouzou,14.350000000000001
Université Paris Cité,59.025
Université Paris-Saclay,62.15
Université Polytechnique Hauts-de-France,23.05
Université Saint-Joseph de Beyrouth,24.725
Université Sorbonne Nouvelle,21.35
Université de Gabès,21.35
Université de Sherbrooke,24.86
Université de Versailles Saint-Quentin-en-Yvelines,43.5625
Université du Québec,33.175000000000004
Université du Québec à Montréal,17.525
Uppsala University,58.26153846153846
Ural Federal University,15.03125
Urmia University,20.04
Urmia University of Medical Sciences,41.475
Utrecht University,62.87692307692308
Utsunomiya University,14.992857142857144
Uşak University,14.350000000000001
V.I. Vernadsky Crimean Federal University (Vernadsky CFU),14.350000000000001
V.N. Karazin Kharkiv National University,13.99375
VIT University,24.07857142857143
VSB - Technical University of Ostrava,13.8875
Van Yüzüncü Yil University,14.350000000000001
Vanderbilt University,59.73076923076923
Veltech University,25.45
Verona University,35.30625
Victoria University,43.042857142857144
Victoria University of Wellington,34.2375
Vietnam National University (Ho Chi Minh City),16.2125
"Vietnam National University, Hanoi",26.15
"Vignan’s Foundation for Science, Technology and Research",21.35
Vilnius Gediminas Technical University (Vilnius Tech),22.525
Vilnius University,23.21875
Virginia Commonwealth University,40.65
Virginia Polytechnic Institute and State University,42.5
"Visvesvaraya National Institute of Technology, Nagpur",21.25
Vita-Salute San Raffaele University,51.208333333333336
Volgograd State Technical University,19.466666666666665
Voronezh State Technical University,21.35
Voronezh State University,14.992857142857144
Vrije Universiteit Amsterdam,54.58461538461539
Vrije Universiteit Brussel,42.09375
Vytautas Magnus University,18.483333333333334
Wageningen University & Research,64.6
Wake Forest University,44.46666666666667
Walailak University,14.350000000000001
Warsaw University of Life Sciences – SGGW,18.483333333333334
Warsaw University of Technology,18.8
Waseda University,24.34375
Washington State University,38.64375
Washington University in St Louis,69.92307692307692
Wayne State University,37.05625
Wenzhou Medical University,25.2125
Wenzhou University,33.050000000000004
West University of Timişoara,15.09375
West Virginia University,30.725
Western Kentucky University,16.45
Western Michigan University,18.483333333333334
Western Sydney University,39.7375
Western University,45.1875
Western Washington University,31.566666666666666
William & Mary,44.53636363636363
Worcester Polytechnic Institute,33.410000000000004
Wroclaw Medical University,45.95
Wrocław University of Environmental and Life Sciences,18.483333333333334
Wrocław University of Science and Technology,15.84
Wuhan Textile University,21.35
Wuhan University,40.1375
Wuhan University of Technology,23.392857142857142
Xiamen University,33.59375
Xiangtan University,20.47142857142857
Xidian University,20.46875
Xi’an Jiaotong University,32.48125
Xi’an Jiaotong-Liverpool University,34.93333333333334
Xuzhou Medical University,21.35
Yale University,89.43846153846154
Yamagata University,19.407142857142855
Yamaguchi University,15.87142857142857
Yangzhou University,26.369999999999997
Yanshan University,15.84
Yarmouk University,18.38
Yasouj University,32.599999999999994
Yazd University,15.992857142857144
Yeditepe University,15.258333333333333
Yeshiva University,50.416666666666664
Yeungnam University,24.125
Yokohama City University,28.5125
Yokohama National University,15.774999999999999
Yonsei University,37.010000000000005
Yonsei University (Seoul campus),55.61666666666667
York University,36.7625
Yuan Ze University,15.96875
Yuri Gagarin State Technical University of Saratov (SSTU),15.4
Yuriy Fedkovych Chernivtsi National University,18.483333333333334
Yıldız Technical University,16.821428571428573
Zagazig University,21.96
Zanjan University of Medical Sciences,23.05
Zayed University,34.4
Zewail City of Science and Technology,30.7
Zhejiang Gongshang University,27.049999999999997
Zhejiang Normal University,39.38333333333333
Zhejiang University,52.083333333333336
Zhejiang University of Finance and Economics,30.7
Zhejiang University of Technology,23.95
Zhengzhou University,36.6
Zonguldak Bülent Ecevit University,15.4
Åbo Akademi University,34.1375
École Centrale de Lyon,27.821428571428573
École Nationale des Travaux Publics de l'État (ENTPE),31.85
École Normale Supérieure,64.17142857142856
École Normale Supérieure de Lyon,46.11923076923077
École Polytechnique,61.83636363636364
École Polytechnique Fédérale de Lausanne,72.96153846153847
École des Mines de Saint-Étienne,39.225
École des Ponts ParisTech,47.707142857142856
École normale supérieure Paris-Saclay,31.160000000000004
Óbuda University,25.9
Örebro University,36.6875
Ştefan cel Mare University of Suceava,27.049999999999997
​Shahid Chamran University of Ahvaz,20.0375
